scene_id,im_id,obj_id,score,R,t,time
1,0,1,0.0,0.37662205169952423 -0.9232674027851593 0.07571745590012524 0.6713969653725163 0.32836444349776583 0.6643815975288438 -0.6382647922784219 -0.19938429025564938 0.7435482228726216,6.305041925384252 -29.00502613605617 726.577923807859,7.525629758834839
2,0,2,0.0,0.957235254839033 -0.2641991544587257 -0.11789602909575084 -0.1994718126303977 -0.3075402928828016 -0.9303923711099011 0.20955109844425832 0.9141213130853338 -0.34708869486623983,-35.69088437033058 -146.47051404891567 590.7102449458057,4.484502077102661